product_id,product_name,category,current_stock,reorder_level,monthly_demand,unit_cost
PRD0001,TEXT-001,Textiles,61,135,503,479.3
PRD0002,ELEC-002,Electronics,2784,909,2986,353.29
PRD0003,CHEM-003,Chemicals,114,332,1194,263.49
PRD0004,MACH-004,Machinery Parts,384,97,533,278.87
PRD0005,RAW -005,Raw Materials,451,878,2525,197.5
PRD0006,PACK-006,Packaging,207,86,286,77.04
PRD0007,PACK-007,Packaging,70,193,583,147.45
PRD0008,RAW -008,Raw Materials,499,399,1496,123.35
PRD0009,CHEM-009,Chemicals,2119,704,2538,381.93
PRD0010,TEXT-010,Textiles,98,49,221,422.55
PRD0011,PACK-011,Packaging,1123,447,1473,454.96
PRD0012,PACK-012,Packaging,1422,570,1782,266.64
PRD0013,MACH-013,Machinery Parts,237,82,359,90.4
PRD0014,ELEC-014,Electronics,167,197,1049,225.21
PRD0015,PACK-015,Packaging,101,258,957,352.11
PRD0016,MACH-016,Machinery Parts,1615,664,1919,381.19
PRD0017,TEXT-017,Textiles,2670,798,2714,433.67
PRD0018,ELEC-018,Electronics,303,114,386,327.74
PRD0019,PACK-019,Packaging,3230,1009,2910,375.49
PRD0020,TEXT-020,Textiles,139,187,1072,245.87
PRD0021,OFFI-021,Office Supplies,1604,718,2957,397.25
PRD0022,TEXT-022,Textiles,294,78,300,411.65
PRD0023,RAW -023,Raw Materials,9,35,159,338.3
PRD0024,CHEM-024,Chemicals,2111,656,2154,400.83
PRD0025,PACK-025,Packaging,135,38,194,4.24
PRD0026,OFFI-026,Office Supplies,214,447,1568,448.03
PRD0027,TEXT-027,Textiles,819,401,2031,426.97
PRD0028,OFFI-028,Office Supplies,454,249,931,443.51
PRD0029,OFFI-029,Office Supplies,315,100,603,404.1
PRD0030,MACH-030,Machinery Parts,882,626,2996,288.29
PRD0031,RAW -031,Raw Materials,1889,868,2992,457.82
PRD0032,RAW -032,Raw Materials,320,267,1515,102.59
PRD0033,MACH-033,Machinery Parts,48,24,102,211.35
PRD0034,OFFI-034,Office Supplies,1601,864,2879,448.7
PRD0035,PACK-035,Packaging,411,159,743,371.67
PRD0036,RAW -036,Raw Materials,865,502,1792,162.6
PRD0037,RAW -037,Raw Materials,442,165,508,396.4
PRD0038,TEXT-038,Textiles,2235,561,2362,337.95
PRD0039,RAW -039,Raw Materials,1259,810,2453,281.96
PRD0040,PACK-040,Packaging,248,98,350,217.62
PRD0041,ELEC-041,Electronics,12,53,155,124.54
PRD0042,TEXT-042,Textiles,112,58,243,27.38
PRD0043,CHEM-043,Chemicals,58,85,379,105.1
PRD0044,OFFI-044,Office Supplies,216,215,941,57.81
PRD0045,PACK-045,Packaging,960,389,2595,167.88
